,IP_A,IP_B,confidence,pairs,pairs2,frequency,avg_norm_latency,total_duration,total_packets,norm_latency,latency_rank,pair_ID,server_A,server_B,server
326,13053_118,192.168.210.56,1.0,"['13053_118', '192.168.210.56']","('13053_118', '192.168.210.56')",12439,0.25514346103857444,15736.067000000174,44427,0.008609759361423922,107.09679669675216,0,0,0,0
299,13049_193,192.168.210.56,1.0,"['13049_193', '192.168.210.56']","('13049_193', '192.168.210.56')",1775,0.3720308494478528,79345.558,245786,0.04341276386138272,77.05765585395433,1,,,0
317,13053_106,192.168.210.56,1.0,"['13053_106', '192.168.210.56']","('13053_106', '192.168.210.56')",7180,0.34326108356135243,14717.208999999884,31305,0.008052306078881083,57.81555764636617,2,,,0
322,10272_44,192.168.220.51,1.0,"['10272_44', '192.168.220.51']","('10272_44', '192.168.220.51')",10094,0.09111741062486867,3665.3530000000087,26275,0.0020054443911984477,20.24295568475713,3,,,0
319,14170_51,192.168.220.51,1.0,"['14170_51', '192.168.220.51']","('14170_51', '192.168.220.51')",8094,0.02205249668696879,1881.133999999996,26460,0.0010292350093954615,8.330628166046866,4,,,0
327,192.168.100.14,192.168.220.51,0.7689569792633859,"['192.168.100.14', '192.168.220.51']","('192.168.100.14', '192.168.220.51')",9938,0.02386299323718675,1344.8009999999992,11257,0.0007357882372388295,7.312263501679488,5,,,0
321,192.168.100.2,192.168.220.51,0.9885708606638839,"['192.168.100.2', '192.168.220.51']","('192.168.100.2', '192.168.220.51')",9947,0.023174171996708844,1286.1820000000016,11226,0.0007037157070438779,6.999860137965453,6,,,0
320,192.168.100.1,192.168.220.51,1.0,"['192.168.100.1', '192.168.220.51']","('192.168.100.1', '192.168.220.51')",9770,0.022818750098255187,1246.6090000000015,11053,0.0006820639177365734,6.663764476286322,7,,,0
325,12087_137,192.168.220.47,1.0,"['12087_137', '192.168.220.47']","('12087_137', '192.168.220.47')",12158,0.01090338706610439,547.8569999999914,47097,0.0002997519605420783,3.644384336270588,8,,,0
310,11685_203,192.168.210.53,0.9769274057400112,"['11685_203', '192.168.210.53']","('11685_203', '192.168.210.53')",3472,0.0063329360268290485,1560.2019999999977,978322,0.0008536417502043018,2.963844156709336,9,,,0
307,11714_20,192.168.210.53,0.9656796769851952,"['11714_20', '192.168.210.53']","('11714_20', '192.168.210.53')",2870,0.006435247088400398,1285.9349999999988,802694,0.0007035805645993079,2.019276220400014,10,,,1
318,14185_238,192.168.220.51,1.0,"['14185_238', '192.168.220.51']","('14185_238', '192.168.220.51')",8084,0.02240720352960582,417.15400000000113,9549,0.00022823972194929042,1.8450899122380637,11,,,1
314,11681_180,192.168.210.54,0.9963998305802626,"['11681_180', '192.168.210.54']","('11681_180', '192.168.210.54')",4705,0.022176988800254083,685.636000000002,31111,0.0003751357292472893,1.7650136061084962,12,,,1
328,192.168.220.1,192.168.220.51,0.9861764925651947,"['192.168.220.1', '192.168.220.51']","('192.168.220.1', '192.168.220.51')",13198,0.0010579140383765887,114.218,13385,6.24927114725113e-05,0.8247788060142042,13,,,1
306,10692_1,192.168.220.43,0.8405405405405405,"['10692_1', '192.168.220.43']","('10692_1', '192.168.220.43')",2488,0.051286621050523576,484.8379999999983,10333,0.00026527203457344143,0.6599968220187222,14,,,1
316,14172_51,192.168.220.51,1.0,"['14172_51', '192.168.220.51']","('14172_51', '192.168.220.51')",6600,0.004653749587954905,135.46600000000043,11514,7.411824451781019e-05,0.48918041381754723,15,,,1
308,10763_18,192.168.220.51,0.9253139458030403,"['10763_18', '192.168.220.51']","('10763_18', '192.168.220.51')",2800,0.013843732193401823,265.9740000000001,6528,0.0001455237917069965,0.40746661677959023,16,,,1
180,13379_49,192.168.220.48,1.0,"['13379_49', '192.168.220.48']","('13379_49', '192.168.220.48')",251,0.04199909518880608,2361.056000000001,76754,0.001291817326327214,0.3242461489081307,17,,,1
301,14184_244,192.168.220.51,0.9773510585918267,"['14184_244', '192.168.220.51']","('14184_244', '192.168.220.51')",1985,0.03670900481862848,280.60300000000007,3394,0.00015352783551910465,0.30475275350542275,18,,,1
312,10597_84,192.168.220.51,0.8470139771283355,"['10597_84', '192.168.220.51']","('10597_84', '192.168.220.51')",3333,0.013993608992933884,141.24899999999954,5280,7.728232855399955e-05,0.2575820010704805,19,,,1
284,13184_115,192.168.210.49,1.0,"['13184_115', '192.168.210.49']","('13184_115', '192.168.210.49')",843,0.10086386194206484,460.0659999999994,3286,0.0002517183963675809,0.2121986081378707,20,,,2
303,10123_41,192.168.220.51,0.938568129330254,"['10123_41', '192.168.220.51']","('10123_41', '192.168.220.51')",2032,0.017302190702178442,185.6810000000001,7440,0.0001015926487850197,0.20643626233116003,21,,,2
287,12486_238,192.168.210.52,1.0,"['12486_238', '192.168.210.52']","('12486_238', '192.168.210.52')",959,0.011182694900106767,312.5229999999997,5633,0.00017099239758640173,0.16398170928535927,22,,,2
302,10123_71,192.168.220.51,0.943952802359882,"['10123_71', '192.168.220.51']","('10123_71', '192.168.220.51')",1920,0.015774949023692187,152.1220000000003,6618,8.323133179202389e-05,0.15980415704068585,23,,,2
305,10597_79,192.168.220.51,0.8004631416441529,"['10597_79', '192.168.220.51']","('10597_79', '192.168.220.51')",2074,0.018203115289831772,113.8289999999997,3521,6.227987580070104e-05,0.12916846241065394,24,,,2
311,13047_59,192.168.210.56,0.9821182943603851,"['13047_59', '192.168.210.56']","('13047_59', '192.168.210.56')",3570,0.005157535503015147,57.83300000000066,6448,3.164248176810825e-05,0.11296365991214645,25,,,2
283,11752_128,192.168.220.47,0.9544910179640719,"['11752_128', '192.168.220.47']","('11752_128', '192.168.220.47')",797,0.012283782542064633,245.10899999999992,17397,0.00013410781152108921,0.1068839257823081,26,,,2
280,10154_212,192.168.220.51,0.9765013054830287,"['10154_212', '192.168.220.51']","('10154_212', '192.168.220.51')",748,0.042253899352079564,235.75000000000003,2419,0.00012898717128337516,0.09648240411996462,27,,,2
300,13035_162,192.168.220.51,0.9894911504424779,"['13035_162', '192.168.220.51']","('13035_162', '192.168.220.51')",1789,0.016914850009316168,79.81399999999987,2660,4.3669065063886683e-05,0.07812395739929327,28,,,2
304,10123_37,192.168.220.51,0.9674439067311923,"['10123_37', '192.168.220.51']","('10123_37', '192.168.220.51')",2199,0.004536483784897831,63.19300000000003,3668,3.457512752878188e-05,0.07603070543579135,29,,,2
298,10022_144,192.168.220.51,1.0,"['10022_144', '192.168.220.51']","('10022_144', '192.168.220.51')",1759,0.007122055662022638,71.52900000000007,9844,3.9136048249113675e-05,0.06884030887019095,30,,,3
282,10288_211,192.168.220.51,0.9293820933165196,"['10288_211', '192.168.220.51']","('10288_211', '192.168.220.51')",737,0.09539651741293538,168.38599999999983,1180,9.212994198821796e-05,0.06789976724531664,31,,,3
297,10088_234,192.168.220.51,0.9318463444857497,"['10088_234', '192.168.220.51']","('10088_234', '192.168.220.51')",1504,0.021601473847517736,78.95100000000002,2081,4.319688721100213e-05,0.0649681183653472,32,,,3
271,10011_132,192.168.100.20,1.0,"['10011_132', '192.168.100.20']","('10011_132', '192.168.100.20')",562,0.18399911032028474,206.81500000000005,769,0.00011315580839436368,0.06359356431763238,33,,,3
293,14171_6,192.168.220.51,1.0,"['14171_6', '192.168.220.51']","('14171_6', '192.168.220.51')",1060,0.010249152764581963,92.44700000000012,5031,5.058102661138577e-05,0.05361588820806892,34,,,3
188,10138_76,192.168.220.51,0.8863636363636364,"['10138_76', '192.168.220.51']","('10138_76', '192.168.220.51')",234,0.022999929832597427,363.6320000000001,22507,0.0001989559409039927,0.04655569017153429,35,,,3
309,12091_134,192.168.220.51,0.9160692951015532,"['12091_134', '192.168.220.51']","('12091_134', '192.168.220.51')",3067,0.0025553764783818136,26.311000000000003,4579,1.4395679591248712e-05,0.0441515493063598,36,,,3
295,10088_98,192.168.220.51,1.0,"['10088_98', '192.168.220.51']","('10088_98', '192.168.220.51')",1204,0.02193546511627906,64.37900000000002,1667,3.5224030116871304e-05,0.042409732260713054,37,,,3
267,10906_97,192.168.220.47,1.0,"['10906_97', '192.168.220.47']","('10906_97', '192.168.220.47')",534,0.026806428937762784,139.63800000000006,4649,7.640089341958831e-05,0.04079807708606016,38,,,3
252,10088_44,192.168.220.51,1.0,"['10088_44', '192.168.220.51']","('10088_44', '192.168.220.51')",393,0.18828583545377434,177.34199999999993,762,9.70300866584785e-05,0.038132824056782054,39,,,3
54,12823_18,192.168.220.47,1.0,"['12823_18', '192.168.220.47']","('12823_18', '192.168.220.47')",156,0.2222638401073165,402.98900000000003,1273,0.0002204895489642251,0.03439636963841912,40,,,4
288,12802_211,192.168.220.51,0.917093142272262,"['12802_211', '192.168.220.51']","('12802_211', '192.168.220.51')",896,0.017350250047994255,69.64800000000002,2407,3.810688655586221e-05,0.03414377035405254,41,,,4
278,10123_51,192.168.220.51,0.9836065573770492,"['10123_51', '192.168.220.51']","('10123_51', '192.168.220.51')",720,0.015783007210946613,77.09000000000003,2939,4.217866822581291e-05,0.030368641122585294,42,,,4
226,12733_147,192.168.220.51,1.0,"['12733_147', '192.168.220.51']","('12733_147', '192.168.220.51')",324,0.07298810715488889,171.29200000000003,3302,9.37199174696581e-05,0.03036525326016922,43,,,4
195,14192_159,192.168.220.51,1.0,"['14192_159', '192.168.220.51']","('14192_159', '192.168.220.51')",270,0.13584560699588474,170.49899999999997,821,9.328603909499119e-05,0.02518723055564762,44,,,4
296,13215_218,192.168.220.46,1.0,"['13215_218', '192.168.220.46']","('13215_218', '192.168.220.46')",1361,0.006861093642325476,32.458999999999946,2761,1.7759468049573983e-05,0.02417063601547019,45,,,4
81,13022_2,192.168.220.51,1.0,"['13022_2', '192.168.220.51']","('13022_2', '192.168.220.51')",171,0.08427702439100396,245.07299999999992,3086,0.00013408811464657723,0.022929067604564708,46,,,4
277,13776_226,192.168.220.51,0.771509167842031,"['13776_226', '192.168.220.51']","('13776_226', '192.168.220.51')",547,0.01889091741284685,76.24500000000006,940,4.1716338810184286e-05,0.022818837329170803,47,,,4
244,11389_206,192.168.210.56,0.8373983739837398,"['11389_206', '192.168.210.56']","('11389_206', '192.168.210.56')",309,0.022564573910762907,133.71599999999992,6870,7.316075756236599e-05,0.02260667408677109,48,,,4
285,10234_57,192.168.220.51,0.823803967327888,"['10234_57', '192.168.220.51']","('10234_57', '192.168.220.51')",706,0.025063095452312868,55.96800000000001,1535,3.062207424130622e-05,0.02161918441436219,49,,,4
249,13953_236,192.168.220.51,0.868421052631579,"['13953_236', '192.168.220.51']","('13953_236', '192.168.220.51')",330,0.06018736652236655,117.79500000000004,1824,6.444981480943873e-05,0.02126843888711478,50,,,5
210,11861_165,192.168.220.47,0.8249158249158249,"['11861_165', '192.168.220.47']","('11861_165', '192.168.220.47')",245,0.0951244158039822,148.40500000000006,1124,8.119762949866086e-05,0.01989341922717191,51,,,5
275,10712_181,192.168.220.45,0.756838905775076,"['10712_181', '192.168.220.45']","('10712_181', '192.168.220.45')",498,0.010449753394827541,69.85500000000002,4392,3.8220143584306144e-05,0.01903363150498446,52,,,5
245,13670_254,192.168.220.51,1.0,"['13670_254', '192.168.220.51']","('13670_254', '192.168.220.51')",369,0.020026007539005648,87.21500000000002,2752,4.771841418230992e-05,0.017608094833272362,53,,,5
272,14379_144,192.168.220.47,1.0,"['14379_144', '192.168.220.47']","('14379_144', '192.168.220.47')",564,0.01520139747302865,57.0159999999999,3072,3.119547214376629e-05,0.017594246289084188,54,,,5
170,13491_83,192.168.220.50,1.0,"['13491_83', '192.168.220.50']","('13491_83', '192.168.220.50')",236,0.10057352664229531,132.19899999999987,622,7.233075315584685e-05,0.017070057744779855,55,,,5
229,13336_58,192.168.220.47,1.0,"['13336_58', '192.168.220.47']","('13336_58', '192.168.220.47')",328,0.029555595960211276,94.32700000000003,1357,5.160964116923406e-05,0.01692796230350877,56,,,5
233,14444_119,192.168.220.50,1.0,"['14444_119', '192.168.220.50']","('14444_119', '192.168.220.50')",339,0.07765617750555957,78.19500000000005,1655,4.278325284625037e-05,0.014503522714878876,57,,,5
164,13613_70,192.168.220.51,1.0,"['13613_70', '192.168.220.51']","('13613_70', '192.168.220.51')",231,0.13033971502283193,111.733,682,6.113307999578093e-05,0.014121741479025394,58,,,5
70,13497_67,192.168.220.50,1.0,"['13497_67', '192.168.220.50']","('13497_67', '192.168.220.50')",164,0.1941518816210889,155.70500000000004,437,8.51917179413698e-05,0.013971441742384646,59,,,5
313,192.168.200.1,192.168.220.51,1.0,"['192.168.200.1', '192.168.220.51']","('192.168.200.1', '192.168.220.51')",4696,0.00038060760931289044,5.362,4700,2.933740031480201e-06,0.013776843187831025,60,,,6
276,10272_11,192.168.210.50,0.8872832369942196,"['10272_11', '192.168.210.50']","('10272_11', '192.168.210.50')",614,0.00434712969099319,40.52900000000004,2635,2.217485075267833e-05,0.013615358362144494,61,,,6
133,10003_162,192.168.220.42,0.8235294117647058,"['10003_162', '192.168.220.42']","('10003_162', '192.168.220.42')",168,0.001285047349936035,146.88800000000003,17717,8.036762509214172e-05,0.013501761015479808,62,,,6
173,13606_206,192.168.220.42,0.9467213114754098,"['13606_206', '192.168.220.42']","('13606_206', '192.168.220.42')",231,0.021476890951398046,105.04700000000004,3379,5.747493269058203e-05,0.013276709451524447,63,,,6
108,10088_208,192.168.220.51,1.0,"['10088_208', '192.168.220.51']","('10088_208', '192.168.220.51')",187,0.03277526925412031,129.267,1281,7.0726552153926e-05,0.013225865252784162,64,,,6
292,11717_73,192.168.210.54,0.7899239543726235,"['11717_73', '192.168.210.54']","('11717_73', '192.168.210.54')",831,0.008085477909575388,28.97099999999998,1309,1.585105976352347e-05,0.013172230663488004,65,,,6
274,13052_167,192.168.210.56,0.882943143812709,"['13052_167', '192.168.210.56']","('13052_167', '192.168.210.56')",528,0.03095845361172555,45.547000000000004,840,2.492037620548839e-05,0.013157958636497871,66,,,6
209,10054_151,192.168.210.57,1.0,"['10054_151', '192.168.210.57']","('10054_151', '192.168.210.57')",295,0.03929048358109043,80.486,2656,4.403674005477723e-05,0.012990838316159282,67,,,6
143,11953_211,192.168.210.47,0.9339622641509434,"['11953_211', '192.168.210.47']","('11953_211', '192.168.210.47')",198,0.03872226545883999,119.53200000000005,1130,6.540018900464222e-05,0.01294923742291916,68,,,6
251,11774_182,192.168.220.51,0.8692307692307693,"['11774_182', '192.168.220.51']","('11774_182', '192.168.220.51')",339,0.016952178778889077,68.84200000000001,3473,3.766589542095488e-05,0.012768738547703704,69,,,6
248,14040_136,192.168.220.50,1.0,"['14040_136', '192.168.220.50']","('14040_136', '192.168.220.50')",378,0.052316358024691346,60.84699999999999,526,3.329154787308388e-05,0.012584205096025706,70,,,7
177,11927_84,192.168.220.49,1.0,"['11927_84', '192.168.220.49']","('11927_84', '192.168.220.49')",250,0.049876619058719006,91.9769999999999,1713,5.0323872971923576e-05,0.012580968242980894,71,,,7
219,12236_45,192.168.220.51,1.0,"['12236_45', '192.168.220.51']","('12236_45', '192.168.220.51')",308,0.020172202338640914,74.08200000000002,2416,4.0532884933255564e-05,0.012484128559442713,72,,,7
240,12571_133,192.168.220.51,0.8722222222222222,"['12571_133', '192.168.220.51']","('12571_133', '192.168.220.51')",314,0.056611032986829166,71.69899999999996,613,3.9229061267642455e-05,0.01231792523803973,73,,,7
286,10288_80,192.168.220.51,0.8120805369127517,"['10288_80', '192.168.220.51']","('10288_80', '192.168.220.51')",726,0.008561238998672158,30.42900000000001,2313,1.664878318125906e-05,0.012087016589594077,74,,,7
165,12048_246,192.168.210.45,0.8362068965517241,"['12048_246', '192.168.210.45']","('12048_246', '192.168.210.45')",194,0.0779443747314474,113.49099999999991,2245,6.20949440344497e-05,0.012046419142683241,75,,,7
190,10003_235,192.168.210.54,0.8075471698113208,"['10003_235', '192.168.210.54']","('10003_235', '192.168.210.54')",214,0.02025213959471302,100.16699999999994,90681,5.4804911923401185e-05,0.011728251151607853,76,,,7
193,13607_234,192.168.220.45,1.0,"['13607_234', '192.168.220.45']","('13607_234', '192.168.220.45')",268,0.021900254358023744,79.89700000000002,1831,4.371447730234496e-05,0.011715479917028449,77,,,7
253,10045_202,192.168.220.49,0.7920792079207921,"['10045_202', '192.168.220.49']","('10045_202', '192.168.220.49')",320,0.07636060004205251,66.12500000000001,895,3.617932853070279e-05,0.011577385129824893,78,,,7
34,13608_204,192.168.220.51,1.0,"['13608_204', '192.168.220.51']","('13608_204', '192.168.220.51')",144,0.11048895321012332,146.41499999999994,6306,8.010883004647025e-05,0.011535671526691715,79,,,7
236,11857_10,192.168.210.49,0.8328530259365994,"['11857_10', '192.168.210.49']","('11857_10', '192.168.210.49')",289,0.05557493546438181,72.93100000000005,930,3.990313208427503e-05,0.011532005172355484,80,,,8
218,12817_196,192.168.210.57,1.0,"['12817_196', '192.168.210.57']","('12817_196', '192.168.210.57')",306,0.022176610767121716,67.88900000000002,3689,3.714447538179028e-05,0.011366209466827825,81,,,8
196,14494_70,192.168.220.49,1.0,"['14494_70', '192.168.220.49']","('14494_70', '192.168.220.49')",272,0.05730615076872499,71.11599999999997,4489,3.8910081327628854e-05,0.010583542121115048,82,,,8
136,12712_50,192.168.220.51,1.0,"['12712_50', '192.168.220.51']","('12712_50', '192.168.220.51')",204,0.033375868817176524,90.87799999999991,2635,4.972257116390479e-05,0.010143404517436578,83,,,8
254,13289_14,192.168.220.51,0.782716049382716,"['13289_14', '192.168.220.51']","('13289_14', '192.168.220.51')",317,0.029927704462915063,57.969999999999985,736,3.1717439318334066e-05,0.010054428263911898,84,,,8
221,11612_109,192.168.210.46,0.7515923566878981,"['11612_109', '192.168.210.46']","('11612_109', '192.168.210.46')",236,0.03367723282302045,75.963,899,4.1562046626506997e-05,0.00980864300385565,85,,,8
262,10863_249,192.168.220.51,0.9301848049281314,"['10863_249', '192.168.220.51']","('10863_249', '192.168.220.51')",453,0.022486289813938822,39.466999999999985,1008,2.159379295457461e-05,0.009781988208422299,86,,,8
202,13114_82,192.168.210.45,0.8098591549295775,"['13114_82', '192.168.210.45']","('13114_82', '192.168.210.45')",230,0.07118934452250451,77.67600000000003,1799,4.249928957203585e-05,0.009774836601568245,87,,,8
213,11084_93,192.168.220.49,1.0,"['11084_93', '192.168.220.49']","('11084_93', '192.168.220.49')",302,0.09203962472406181,57.178000000000004,429,3.1284108079070305e-05,0.009447800639879232,88,,,8
113,12943_248,192.168.210.47,1.0,"['12943_248', '192.168.210.47']","('12943_248', '192.168.210.47')",190,0.05988923986490997,90.597,936,4.9568826115630694e-05,0.009418076961969831,89,,,8
159,13236_133,192.168.210.48,1.0,"['13236_133', '192.168.210.48']","('13236_133', '192.168.210.48')",226,0.03732111111586179,73.28999999999998,2656,4.0099553693991776e-05,0.00906249913484214,90,,,9
223,12986_243,192.168.220.51,1.0,"['12986_243', '192.168.220.51']","('12986_243', '192.168.220.51')",317,0.010587410117292055,51.742000000000004,2118,2.8309880027759902e-05,0.008974231968799888,91,,,9
258,11860_211,192.168.220.47,0.8248847926267281,"['11860_211', '192.168.220.47']","('11860_211', '192.168.220.47')",358,0.005402189626069517,45.77500000000001,5172,2.504512307739766e-05,0.008966154061708363,92,,,9
247,12002_76,192.168.220.47,1.0,"['12002_76', '192.168.220.47']","('12002_76', '192.168.220.47')",378,0.021703784824816563,42.83300000000001,631,2.3435450721445638e-05,0.008858600372706452,93,,,9
265,11662_84,192.168.220.51,1.0,"['11662_84', '192.168.220.51']","('11662_84', '192.168.220.51')",512,0.017978190597380057,31.422,852,1.7192088636548097e-05,0.008802349381912626,94,,,9
215,10760_15,192.168.210.45,0.9342105263157895,"['10760_15', '192.168.210.45']","('10760_15', '192.168.210.45')",284,0.013793049456683682,56.22000000000003,5095,3.075995236289015e-05,0.008735826471060804,95,,,9
105,14190_146,192.168.220.51,1.0,"['14190_146', '192.168.220.51']","('14190_146', '192.168.220.51')",184,0.10872747604147055,86.60500000000006,573,4.738466158641235e-05,0.008718777731899873,96,,,9
289,11739_82,192.168.210.54,0.8029411764705883,"['11739_82', '192.168.210.54']","('11739_82', '192.168.210.54')",819,0.00604566253851968,19.155999999999977,1199,1.04809257819908e-05,0.008583878215450464,97,,,9
79,14156_232,192.168.220.48,1.0,"['14156_232', '192.168.220.48']","('14156_232', '192.168.220.48')",170,0.04846854244898326,91.09500000000003,2096,4.98412995463799e-05,0.008473020922884583,98,,,9
214,12166_169,192.168.220.51,1.0,"['12166_169', '192.168.220.51']","('12166_169', '192.168.220.51')",303,0.020750833028120048,50.656,1244,2.771569097998155e-05,0.00839785436693441,99,,,9
151,10058_69,192.168.220.51,0.7181818181818181,"['10058_69', '192.168.220.51']","('10058_69', '192.168.220.51')",158,0.05092621100919172,95.23200000000001,1677,5.2104798709049346e-05,0.008232558196029797,100,,,10
187,13155_70,192.168.220.51,1.0,"['13155_70', '192.168.220.51']","('13155_70', '192.168.220.51')",262,0.08183333333333333,57.357999999999976,534,3.1382592451630234e-05,0.008222239222327121,101,,,10
294,10097_80,192.168.220.51,0.9539363484087102,"['10097_80', '192.168.220.51']","('10097_80', '192.168.220.51')",1139,0.003898595258999117,13.079999999999993,1588,7.156531072689484e-06,0.008151288891793323,102,,,10
204,10995_230,192.168.210.50,0.7577854671280276,"['10995_230', '192.168.210.50']","('10995_230', '192.168.210.50')",219,0.065318249955196,66.88900000000002,750,3.659733997867946e-05,0.008014817455330801,103,,,10
261,14183_97,192.168.220.51,1.0,"['14183_97', '192.168.220.51']","('14183_97', '192.168.220.51')",480,0.0036342392764445153,29.983999999999984,2204,1.6405307926874733e-05,0.007874547804899872,104,,,10
242,10501_102,192.168.220.51,0.712707182320442,"['10501_102', '192.168.220.51']","('10501_102', '192.168.220.51')",258,0.028291926237268374,55.66499999999998,931,3.0456292214163624e-05,0.007857723391254215,105,,,10
74,12691_118,192.168.220.51,1.0,"['12691_118', '192.168.220.51']","('12691_118', '192.168.220.51')",167,0.11798678374187357,85.79599999999999,655,4.694202904529566e-05,0.007839318850564376,106,,,10
199,11808_161,192.168.220.51,1.0,"['11808_161', '192.168.220.51']","('11808_161', '192.168.220.51')",278,0.02486199443042968,50.459999999999994,992,2.7608452440971827e-05,0.007675149778590168,107,,,10
266,13730_93,192.168.210.54,1.0,"['13730_93', '192.168.210.54']","('13730_93', '192.168.210.54')",524,0.012363575366533394,25.993,995,1.422169053305947e-05,0.0074521658393231615,108,,,10
94,12685_235,192.168.220.51,1.0,"['12685_235', '192.168.220.51']","('12685_235', '192.168.220.51')",180,0.019037942765969703,74.42,4116,4.071781669950701e-05,0.007329207005911262,109,,,10
140,13346_32,192.168.220.51,1.0,"['13346_32', '192.168.220.51']","('13346_32', '192.168.220.51')",209,0.057184401257965846,63.576000000000015,804,3.478468038817332e-05,0.007269998201128223,110,,,11
116,10351_135,192.168.210.47,0.8481675392670157,"['10351_135', '192.168.210.47']","('10351_135', '192.168.210.47')",162,0.05642692380771083,81.38199999999995,830,4.452697337596449e-05,0.007213369686906248,111,,,11
268,13385_183,192.168.220.51,0.8115671641791045,"['13385_183', '192.168.220.51']","('13385_183', '192.168.220.51')",435,0.01543171592775041,29.894000000000016,1023,1.6356065740594775e-05,0.007114888597158728,112,,,11
227,11926_102,192.168.220.49,1.0,"['11926_102', '192.168.220.49']","('11926_102', '192.168.220.49')",326,0.012373903804918585,39.838,1717,2.179678018912873e-05,0.007105750341655967,113,,,11
174,13502_37,192.168.220.43,1.0,"['13502_37', '192.168.220.43']","('13502_37', '192.168.220.43')",247,0.023459433989391314,52.39000000000001,2306,2.8664423768975713e-05,0.007080112670937001,114,,,11
243,10085_147,192.168.220.51,1.0,"['10085_147', '192.168.220.51']","('10085_147', '192.168.220.51')",367,0.011869222007792607,35.17900000000001,1289,1.9247676346035442e-05,0.007063897218995007,115,,,11
235,12835_95,192.168.220.51,0.7536231884057971,"['12835_95', '192.168.220.51']","('12835_95', '192.168.220.51')",260,0.026260811857722874,48.37999999999998,832,2.6470410802501322e-05,0.006882306808650344,116,,,11
220,10815_90,192.168.220.42,0.8543689320388349,"['10815_90', '192.168.220.42']","('10815_90', '192.168.220.42')",264,0.03891277056277057,47.489,589,2.5982913158329594e-05,0.006859489073799013,117,,,11
273,13731_133,192.168.210.54,0.8654173764906303,"['13731_133', '192.168.210.54']","('13731_133', '192.168.210.54')",508,0.012005202474690667,24.419,959,1.3360499408563045e-05,0.006787133699550026,118,,,11
256,14330_44,192.168.220.51,1.0,"['14330_44', '192.168.220.51']","('14330_44', '192.168.220.51')",411,0.009401587496741208,30.18000000000001,3109,1.6512546465884466e-05,0.006786656597478516,119,,,11
291,10104_80,192.168.220.51,0.9819219790675547,"['10104_80', '192.168.220.51']","('10104_80', '192.168.220.51')",1032,0.004146883074935397,11.945999999999998,1434,6.536079525561821e-06,0.006745234070379799,120,,,12
269,14188_97,192.168.220.51,1.0,"['14188_97', '192.168.220.51']","('14188_97', '192.168.220.51')",536,0.006114943068954261,22.03900000000001,1184,1.2058317149159305e-05,0.006463257991949387,121,,,12
185,13409_202,192.168.220.47,0.96875,"['13409_202', '192.168.220.47']","('13409_202', '192.168.220.47')",248,0.03553922770218132,47.106999999999964,1057,2.5773907434341243e-05,0.006391929043716629,122,,,12
259,12161_252,192.168.210.53,0.7210884353741497,"['12161_252', '192.168.210.53']","('12161_252', '192.168.210.53')",318,0.005445851900611332,36.50799999999999,1564,1.9974819296769705e-05,0.006351992536372766,123,,,12
88,14493_127,192.168.220.51,1.0,"['14493_127', '192.168.220.51']","('14493_127', '192.168.220.51')",177,0.05247162547936926,64.49099999999999,1290,3.52853092820197e-05,0.006245499742917487,124,,,12
260,10824_134,192.168.220.51,0.7611940298507462,"['10824_134', '192.168.220.51']","('10824_134', '192.168.220.51')",357,0.01607648235131713,31.906000000000006,1100,1.7456902171653735e-05,0.006232114075280383,125,,,12
228,12943_95,192.168.220.51,0.8932926829268293,"['12943_95', '192.168.220.51']","('12943_95', '192.168.220.51')",293,0.037763237445148715,37.75599999999998,419,2.0657644279852002e-05,0.006052689773996637,126,,,12
128,10286_163,192.168.220.50,1.0,"['10286_163', '192.168.220.50']","('10286_163', '192.168.220.50')",200,0.00964204373642893,52.75000000000001,1871,2.8861392514095605e-05,0.005772278502819121,127,,,12
281,10022_207,192.168.220.51,0.7713178294573644,"['10022_207', '192.168.220.51']","('10022_207', '192.168.220.51')",597,0.0065725073781606426,17.57099999999999,1964,9.613716168060162e-06,0.005739388552331917,128,,,12
168,14022_8,192.168.220.50,1.0,"['14022_8', '192.168.220.50']","('14022_8', '192.168.220.50')",233,0.019014711769065076,45.00899999999997,2543,2.462601735861475e-05,0.005737862044557237,129,,,12
169,14563_80,192.168.220.51,1.0,"['14563_80', '192.168.220.51']","('14563_80', '192.168.220.51')",234,0.02983465795937709,44.73700000000002,1477,2.447719652896864e-05,0.005727663987778662,130,,,13
239,11922_96,192.168.220.51,1.0,"['11922_96', '192.168.220.51']","('11922_96', '192.168.220.51')",359,0.01965754514630477,28.947000000000013,656,1.583792851384883e-05,0.0056858163364717305,131,,,13
109,10030_164,192.168.210.53,0.7967914438502673,"['10030_164', '192.168.210.53']","('10030_164', '192.168.210.53')",149,0.10075539963392312,69.23399999999998,569,3.78803724989743e-05,0.005644175502347171,132,,,13
205,13307_252,192.168.220.47,1.0,"['13307_252', '192.168.220.47']","('13307_252', '192.168.220.47')",289,0.02000028537445903,35.54599999999999,1435,1.94484750389771e-05,0.0056206092862643815,133,,,13
58,13021_186,192.168.220.51,1.0,"['13021_186', '192.168.220.51']","('13021_186', '192.168.220.51')",158,0.028994823179626605,64.346,618,3.520597464856864e-05,0.005562543994473845,134,,,13
237,10407_81,192.168.220.47,0.8057142857142857,"['10407_81', '192.168.220.47']","('10407_81', '192.168.220.47')",282,0.02466023147407526,35.93100000000001,603,1.9659122169174777e-05,0.005543872451707287,135,,,13
38,13647_12,192.168.220.51,1.0,"['13647_12', '192.168.220.51']","('13647_12', '192.168.220.51')",148,0.06309973716980681,67.64900000000002,957,3.7013162885043675e-05,0.005477948106986464,136,,,13
257,10556_0,192.168.220.47,0.8211764705882353,"['10556_0', '192.168.220.47']","('10556_0', '192.168.220.47')",349,0.019494921482528935,28.530999999999995,720,1.561032018615472e-05,0.005448001744967998,137,,,13
241,13213_228,192.168.220.46,1.0,"['13213_228', '192.168.220.46']","('13213_228', '192.168.220.46')",360,0.00652768982769143,27.388000000000044,11910,1.4984944420399084e-05,0.00539457999134367,138,,,13
290,10021_188,192.168.220.51,1.0,"['10021_188', '192.168.220.51']","('10021_188', '192.168.220.51')",1045,0.002960890863522443,9.352999999999994,1394,5.117357425295469e-06,0.005347638509433765,139,,,13
225,11462_178,192.168.220.50,0.75625,"['11462_178', '192.168.220.50']","('11462_178', '192.168.220.50')",242,0.006872758454862465,37.798,2509,2.0680623966782667e-05,0.005004710999961405,140,,,14
217,12055_225,192.168.210.56,1.0,"['12055_225', '192.168.210.56']","('12055_225', '192.168.210.56')",306,0.010141086765449512,29.81300000000001,794,1.6311747772942796e-05,0.004991394818520496,141,,,14
161,14096_221,192.168.210.57,1.0,"['14096_221', '192.168.210.57']","('14096_221', '192.168.210.57')",227,0.008144651809570596,39.534000000000006,1703,2.1630451026583047e-05,0.004910112383034352,142,,,14
211,12246_8,192.168.220.42,0.9797979797979798,"['12246_8', '192.168.220.42']","('12246_8', '192.168.220.42')",291,0.01873352846084804,30.81700000000001,515,1.6861071717666057e-05,0.004906571869840823,143,,,14
153,10030_163,192.168.220.42,0.9004524886877828,"['10030_163', '192.168.220.42']","('10030_163', '192.168.220.42')",199,0.011256899942872467,43.96500000000003,3196,2.4054807997767093e-05,0.004786906791555651,144,,,14
127,11605_98,192.168.220.51,1.0,"['11605_98', '192.168.220.51']","('11605_98', '192.168.220.51')",199,0.010134642233536892,43.25899999999999,2979,2.3668530403170835e-05,0.0047100375502309964,145,,,14
158,13826_69,192.168.220.43,0.72,"['13826_69', '192.168.220.43']","('13826_69', '192.168.220.43')",162,0.06628736037624927,53.11700000000002,455,2.906219120703728e-05,0.00470807497554004,146,,,14
181,13612_216,192.168.220.51,0.9282868525896414,"['13612_216', '192.168.220.51']","('13612_216', '192.168.220.51')",233,0.046652353547739826,36.70599999999997,516,2.0083152106585635e-05,0.004679374440834453,147,,,14
184,11772_235,192.168.220.51,0.7734375,"['11772_235', '192.168.220.51']","('11772_235', '192.168.220.51')",198,0.022595497409194823,43.184,2984,2.3627495247937525e-05,0.00467824405909163,148,,,14
192,10244_145,192.168.210.53,1.0,"['10244_145', '192.168.210.53']","('10244_145', '192.168.210.53')",268,0.03494995557924663,31.381999999999994,446,1.717020322042366e-05,0.004601614463073541,149,,,14
32,14026_241,192.168.210.47,1.0,"['14026_241', '192.168.210.47']","('14026_241', '192.168.210.47')",143,0.05310861113125832,57.716,518,3.157846692594392e-05,0.004515720770409981,150,,,15
163,11420_114,192.168.220.47,0.8658008658008658,"['11420_114', '192.168.220.47']","('11420_114', '192.168.220.47')",200,0.10265249999999998,41.06099999999999,241,2.246592678713326e-05,0.004493185357426652,151,,,15
36,11396_48,192.168.210.47,0.9726027397260274,"['11396_48', '192.168.210.47']","('11396_48', '192.168.210.47')",142,0.032911951902798366,55.849999999999994,2153,3.055751226373914e-05,0.004339166741450957,152,,,15
175,13454_193,192.168.220.47,0.9437751004016064,"['13454_193', '192.168.220.47']","('13454_193', '192.168.220.47')",235,0.020929599053850174,33.686,1767,1.8430803189190987e-05,0.004331238749459882,153,,,15
230,11967_252,192.168.220.47,1.0,"['11967_252', '192.168.220.47']","('11967_252', '192.168.220.47')",330,0.003511434901464046,23.860000000000003,1431,1.3054650718224099e-05,0.004308034737013952,154,,,15
208,13016_166,192.168.220.50,1.0,"['13016_166', '192.168.220.50']","('13016_166', '192.168.220.50')",294,0.023440504535147406,25.45400000000002,637,1.3926784550782749e-05,0.004094474657930128,155,,,15
52,11609_24,192.168.220.51,1.0,"['11609_24', '192.168.220.51']","('11609_24', '192.168.220.51')",156,0.0061826812646540935,47.63,1025,2.6060059250168222e-05,0.0040653692430262425,156,,,15
63,13967_220,192.168.220.48,1.0,"['13967_220', '192.168.220.48']","('13967_220', '192.168.220.48')",162,0.046912521823169955,45.17999999999999,624,2.4719577512546714e-05,0.004004571557032568,157,,,15
121,12435_228,192.168.210.53,1.0,"['12435_228', '192.168.210.53']","('12435_228', '192.168.210.53')",194,0.06685678694158077,37.50999999999999,389,2.0523048970686745e-05,0.003981471500313229,158,,,15
270,10302_64,192.168.220.51,0.9100719424460432,"['10302_64', '192.168.220.51']","('10302_64', '192.168.220.51')",506,0.007811683606248819,14.250999999999983,1249,7.797226629732245e-06,0.003945396674644516,159,,,15
124,10712_191,192.168.210.52,0.9285714285714286,"['10712_191', '192.168.210.52']","('10712_191', '192.168.210.52')",182,0.018124735197795894,38.88599999999999,2133,2.127590728536723e-05,0.0038722151259368356,160,,,16
203,10058_130,192.168.210.47,1.0,"['10058_130', '192.168.210.47']","('10058_130', '192.168.210.47')",288,0.010252572389946903,24.182999999999996,8972,1.3231375453428888e-05,0.00381063613058752,161,,,16
135,13239_133,192.168.210.54,1.0,"['13239_133', '192.168.210.54']","('13239_133', '192.168.210.54')",204,0.006481596029710557,34.083000000000006,1601,1.8648015944225983e-05,0.0038041952526221006,162,,,16
255,11935_173,192.168.220.51,0.8230958230958231,"['11935_173', '192.168.220.51']","('11935_173', '192.168.220.51')",335,0.004014260092969304,20.462,944,1.119548461845354e-05,0.003750487347181936,163,,,16
207,12674_71,192.168.220.48,1.0,"['12674_71', '192.168.220.48']","('12674_71', '192.168.220.48')",293,0.02528664066309117,22.991999999999994,428,1.2579737188323905e-05,0.0036858629961789044,164,,,16
148,14537_242,192.168.220.51,1.0,"['14537_242', '192.168.220.51']","('14537_242', '192.168.220.51')",217,0.00944319111198817,30.860000000000007,1343,1.688459853999982e-05,0.003663957883179961,165,,,16
65,10938_103,192.168.210.56,1.0,"['10938_103', '192.168.210.56']","('10938_103', '192.168.210.56')",164,0.024069547127785838,40.267999999999994,1856,2.203204841246638e-05,0.0036132559396444865,166,,,16
131,13049_151,192.168.210.56,0.7512437810945274,"['13049_151', '192.168.210.56']","('13049_151', '192.168.210.56')",151,0.04011376500831117,43.49399999999998,838,2.379710722290187e-05,0.003593363190658182,167,,,16
182,11598_243,192.168.210.55,0.766798418972332,"['11598_243', '192.168.210.55']","('11598_243', '192.168.210.55')",194,0.0386018249505363,33.437,571,1.829456647381639e-05,0.0035491458959203796,168,,,16
117,11773_187,192.168.220.51,0.7958115183246073,"['11773_187', '192.168.220.51']","('11773_187', '192.168.220.51')",152,0.010105472836515726,42.525999999999996,4340,2.3267480152690607e-05,0.003536656983208972,169,,,16
87,11733_33,192.168.220.49,1.0,"['11733_33', '192.168.220.49']","('11733_33', '192.168.220.49')",177,0.027006698954896328,36.24800000000001,1345,1.9832564091960905e-05,0.0035103638442770804,170,,,17
120,11014_136,192.168.220.45,0.7772020725388601,"['11014_136', '192.168.220.45']","('11014_136', '192.168.220.45')",150,0.03878780423280423,42.40800000000001,472,2.3202918175123537e-05,0.0034804377262685304,171,,,17
132,10003_106,192.168.220.51,1.0,"['10003_106', '192.168.220.51']","('10003_106', '192.168.220.51')",202,0.012007823832105228,31.072999999999997,2459,1.700113838086242e-05,0.003434229952934209,172,,,17
29,12969_46,192.168.220.49,1.0,"['12969_46', '192.168.220.49']","('12969_46', '192.168.220.49')",142,0.043979328474071565,43.87399999999999,739,2.4005018676083986e-05,0.003408712652003926,173,,,17
222,12746_165,192.168.220.51,1.0,"['12746_165', '192.168.220.51']","('12746_165', '192.168.220.51')",316,0.003707223421280567,19.457000000000004,679,1.064561353832717e-05,0.003364013878111386,174,,,17
224,12230_211,192.168.220.51,0.8679245283018868,"['12230_211', '192.168.220.51']","('12230_211', '192.168.220.51')",276,0.025672801353236133,22.112000000000005,569,1.2098258033586392e-05,0.0033391192172698442,175,,,17
31,10158_229,192.168.220.46,1.0,"['10158_229', '192.168.220.46']","('10158_229', '192.168.220.46')",143,0.03855899124560814,42.49099999999998,1115,2.3248330413581717e-05,0.0033245112491421857,176,,,17
149,10557_127,192.168.220.47,0.7818181818181819,"['10557_127', '192.168.220.47']","('10557_127', '192.168.220.47')",172,0.023493382635081772,35.038000000000004,594,1.917053025419681e-05,0.0032973312037218516,177,,,17
7,11513_244,192.168.220.47,1.0,"['11513_244', '192.168.220.47']","('11513_244', '192.168.220.47')",129,0.014552102237597961,46.046000000000035,2489,2.51933967716407e-05,0.0032499481835416505,178,,,17
111,11584_2,192.168.220.51,1.0,"['11584_2', '192.168.220.51']","('11584_2', '192.168.220.51')",188,0.009702017131093534,31.551,2160,1.726266910354939e-05,0.0032453817914672852,179,,,17
279,11930_171,192.168.220.51,0.904,"['11930_171', '192.168.220.51']","('11930_171', '192.168.220.51')",678,0.006257743362831852,8.511999999999992,1035,4.657216551279271e-06,0.0031575928217673454,180,,,18
37,10502_23,192.168.220.42,1.0,"['10502_23', '192.168.220.42']","('10502_23', '192.168.220.42')",146,0.019409589711584057,39.34600000000001,2035,2.1527589570798217e-05,0.00314302807733654,181,,,18
246,10105_203,192.168.220.47,0.7845744680851063,"['10105_203', '192.168.220.47']","('10105_203', '192.168.220.47')",295,0.009218115900116874,19.364,1475,1.0594729945837863e-05,0.0031254453340221694,182,,,18
107,14261_252,192.168.210.48,1.0,"['14261_252', '192.168.210.48']","('14261_252', '192.168.210.48')",186,0.013190822253339876,30.446,1427,1.665808448311194e-05,0.0030984037138588206,183,,,18
101,14574_40,192.168.220.51,1.0,"['14574_40', '192.168.220.51']","('14574_40', '192.168.220.51')",181,0.005982308770638482,31.19199999999999,1789,1.7066247493832603e-05,0.0030889907963837014,184,,,18
126,10660_51,192.168.220.47,1.0,"['10660_51', '192.168.220.47']","('10660_51', '192.168.220.47')",198,0.012837132493918268,28.304000000000002,1012,1.5486120449648567e-05,0.003066251849030416,185,,,18
178,14401_2,192.168.220.48,1.0,"['14401_2', '192.168.220.48']","('14401_2', '192.168.220.48')",250,0.017016267532467537,21.985,774,1.2028771837391315e-05,0.0030071929593478287,186,,,18
152,10586_52,192.168.220.42,0.7545454545454545,"['10586_52', '192.168.220.42']","('10586_52', '192.168.220.42')",166,0.012628581207903505,32.513,2006,1.7789013361341996e-05,0.0029529762179827715,187,,,18
46,13248_115,192.168.220.50,1.0,"['13248_115', '192.168.220.50']","('13248_115', '192.168.220.50')",154,0.02463881677072744,34.897000000000006,550,1.909338416235819e-05,0.002940381161003161,188,,,18
35,14131_74,192.168.220.51,1.0,"['14131_74', '192.168.220.51']","('14131_74', '192.168.220.51')",144,0.05667548578009342,36.253000000000014,621,1.983529976897646e-05,0.00285628316673261,189,,,18
119,14511_99,192.168.210.47,0.953125,"['14511_99', '192.168.210.47']","('14511_99', '192.168.210.47')",183,0.007092126230411644,28.086000000000013,1864,1.536684493177042e-05,0.0028121326225139867,190,,,19
30,13649_250,192.168.220.51,1.0,"['13649_250', '192.168.220.51']","('13649_250', '192.168.220.51')",142,0.018874646391052106,35.681,1771,1.9522338318397064e-05,0.002772172041212383,191,,,19
162,11175_34,192.168.220.51,0.8947368421052632,"['11175_34', '192.168.220.51']","('11175_34', '192.168.220.51')",204,0.02713015855332033,24.266000000000005,460,1.3276787691887092e-05,0.0027084646891449666,192,,,19
234,14174_65,192.168.220.51,1.0,"['14174_65', '192.168.220.51']","('14174_65', '192.168.220.51')",340,0.0053125791094781345,14.291999999999994,822,7.819659181259796e-06,0.002658684121628331,193,,,19
264,10057_64,192.168.220.47,0.7651663405088063,"['10057_64', '192.168.220.47']","('10057_64', '192.168.220.47')",391,0.0029622353408878155,12.119999999999996,1279,6.631281085703101e-06,0.0025928309045099127,194,,,19
102,10124_53,192.168.220.51,0.7527472527472527,"['10124_53', '192.168.220.51']","('10124_53', '192.168.220.51')",137,0.067139902676399,34.37699999999999,415,1.8808873752740557e-05,0.0025768157041254564,195,,,19
171,12116_204,192.168.220.42,1.0,"['12116_204', '192.168.220.42']","('12116_204', '192.168.220.42')",243,0.010608896338026372,19.17,924,1.0488585677634364e-05,0.0025487263196651505,196,,,19
49,13321_169,192.168.220.45,1.0,"['13321_169', '192.168.220.45']","('13321_169', '192.168.220.45')",155,0.019990431989133382,29.63399999999999,957,1.621381053578595e-05,0.002513140633046822,197,,,19
198,13637_86,192.168.220.51,0.9350180505415162,"['13637_86', '192.168.220.51']","('13637_86', '192.168.220.51')",259,0.01443499570999571,17.56800000000001,620,9.61207476185084e-06,0.0024895273633193673,198,,,19
212,11446_134,192.168.220.51,0.7416107382550335,"['11446_134', '192.168.220.51']","('11446_134', '192.168.220.51')",221,0.020161393018745956,20.552,549,1.1244726804733513e-05,0.0024850846238461065,199,,,19
238,10416_100,192.168.220.47,0.7303370786516854,"['10416_100', '192.168.220.47']","('10416_100', '192.168.220.47')",260,0.015003638583638585,17.340999999999998,553,9.487875025344679e-06,0.0024668475065896165,200,,,20
9,10731_186,192.168.220.47,1.0,"['10731_186', '192.168.220.47']","('10731_186', '192.168.220.47')",132,0.005425929138026872,33.04900000000001,1425,1.8082277937409396e-05,0.0023868606877380403,201,,,20
42,14612_94,192.168.210.48,1.0,"['14612_94', '192.168.210.48']","('14612_94', '192.168.210.48')",150,0.07301883597883603,29.04400000000002,324,1.5891000647950583e-05,0.0023836500971925875,202,,,20
80,14405_2,192.168.220.48,1.0,"['14405_2', '192.168.220.48']","('14405_2', '192.168.220.48')",170,0.015647995082327174,25.609999999999996,610,1.4012137673668026e-05,0.002382063404523564,203,,,20
69,12783_18,192.168.220.51,0.926829268292683,"['12783_18', '192.168.220.51']","('12783_18', '192.168.220.51')",152,0.00839840017297474,28.21199999999999,767,1.5435783992562368e-05,0.00234623916686948,204,,,20
157,12546_253,192.168.220.51,0.9144144144144144,"['12546_253', '192.168.220.51']","('12546_253', '192.168.220.51')",203,0.029094321291735083,20.727000000000004,447,1.1340475500277909e-05,0.0023021165265564155,205,,,20
53,13057_120,192.168.210.56,0.8205128205128205,"['13057_120', '192.168.210.56']","('13057_120', '192.168.210.56')",128,0.051934420657467534,32.806999999999995,269,1.7949871169856574e-05,0.0022975835097416414,206,,,20
48,11802_44,192.168.210.54,1.0,"['11802_44', '192.168.210.54']","('11802_44', '192.168.210.54')",154,0.01940188527201514,26.003,455,1.4227161887090579e-05,0.0021909829306119492,207,,,20
8,13972_11,192.168.220.48,1.0,"['13972_11', '192.168.220.48']","('13972_11', '192.168.220.48')",131,0.035741569732218585,29.881000000000004,542,1.6348952980354328e-05,0.002141712840426417,208,,,20
91,10166_37,192.168.220.49,1.0,"['10166_37', '192.168.220.49']","('10166_37', '192.168.220.49')",178,0.021841642720575302,21.918,357,1.1992113765382888e-05,0.0021345962502381543,209,,,20
60,10459_241,192.168.220.51,1.0,"['10459_241', '192.168.220.51']","('10459_241', '192.168.220.51')",159,0.002442651034796484,24.463,1707,1.3384573366299918e-05,0.002128147165241687,210,,,21
200,11814_18,192.168.220.51,0.9280575539568345,"['11814_18', '192.168.220.51']","('11814_18', '192.168.220.51')",258,0.018149000246093255,14.916999999999991,635,8.161618808204055e-06,0.0021056976525166463,211,,,21
216,11424_123,192.168.220.51,0.7344262295081967,"['11424_123', '192.168.220.51']","('11424_123', '192.168.220.51')",224,0.015579664469954646,17.143000000000004,574,9.37954221552874e-06,0.002101017456278438,212,,,21
191,10088_156,192.168.210.53,0.8089887640449438,"['10088_156', '192.168.210.53']","('10088_156', '192.168.210.53')",216,0.011130256508661387,17.660999999999998,624,9.66295835434014e-06,0.0020871990045374703,213,,,21
13,14620_188,192.168.210.48,1.0,"['14620_188', '192.168.210.48']","('14620_188', '192.168.210.48')",133,0.04881993376297886,28.62000000000002,408,1.5659015237031597e-05,0.0020826490265252024,214,,,21
22,11841_162,192.168.210.55,0.9130434782608695,"['11841_162', '192.168.210.55']","('11841_162', '192.168.210.55')",126,0.053211233651709836,29.793999999999997,524,1.6301352200283683e-05,0.002053970377235744,215,,,21
106,11729_91,192.168.220.51,1.0,"['11729_91', '192.168.220.51']","('11729_91', '192.168.220.51')",184,0.02409432582815735,20.360000000000014,396,1.1139676807336244e-05,0.002049700532549869,216,,,21
197,14335_215,192.168.210.45,0.7318840579710145,"['14335_215', '192.168.210.45']","('14335_215', '192.168.210.45')",202,0.034294711614018536,18.193999999999992,357,9.954581524198202e-06,0.002010825467888037,217,,,21
76,12685_236,192.168.220.51,1.0,"['12685_236', '192.168.220.51']","('12685_236', '192.168.220.51')",169,0.05087556066090773,21.355000000000004,813,1.16840765334315e-05,0.0019746089341499237,218,,,21
183,11694_101,192.168.220.45,0.7470355731225297,"['11694_101', '192.168.220.45']","('11694_101', '192.168.220.45')",189,0.040373897707231036,19.057999999999993,287,1.0427306512485949e-05,0.0019707609308598443,219,,,21
156,11453_45,192.168.220.51,1.0,"['11453_45', '192.168.220.51']","('11453_45', '192.168.220.51')",221,0.012769699141984212,16.107,611,8.81270993790593e-06,0.0019476088962772106,220,,,22
59,10189_113,192.168.220.42,1.0,"['10189_113', '192.168.220.42']","('10189_113', '192.168.220.42')",159,0.00913359185113143,22.335999999999995,411,1.2220816363883208e-05,0.00194310980185743,221,,,22
39,11288_117,192.168.220.51,1.0,"['11288_117', '192.168.220.51']","('11288_117', '192.168.220.51')",149,0.020204717335785237,23.717000000000002,332,1.297641035557925e-05,0.0019334851429813082,222,,,22
55,14586_142,192.168.220.43,1.0,"['14586_142', '192.168.220.43']","('14586_142', '192.168.220.43')",156,0.010691769902211077,22.312,358,1.2207685114208551e-05,0.001904398877816534,223,,,22
115,11145_10,192.168.220.51,0.8586387434554974,"['11145_10', '192.168.220.51']","('11145_10', '192.168.220.51')",164,0.025789315190229832,21.177999999999994,463,1.1587233567080882e-05,0.0019003063050012647,224,,,22
64,12050_200,192.168.220.51,0.8834355828220859,"['12050_200', '192.168.220.51']","('12050_200', '192.168.220.51')",144,0.02847230152178069,23.96600000000002,330,1.3112647070953852e-05,0.0018882211782173548,225,,,22
77,14330_255,192.168.220.51,1.0,"['14330_255', '192.168.220.51']","('14330_255', '192.168.220.51')",169,0.015197434665492029,20.062000000000005,1295,1.0976630457209216e-05,0.0018550505472683576,226,,,22
24,13926_197,192.168.220.47,1.0,"['13926_197', '192.168.220.47']","('13926_197', '192.168.220.47')",138,0.005774645263318537,24.48899999999999,1565,1.3398798886780794e-05,0.0018490342463757495,227,,,22
89,12046_203,192.168.220.51,0.8089887640449438,"['12046_203', '192.168.220.51']","('12046_203', '192.168.220.51')",144,0.04959188887886807,23.403000000000006,345,1.2804609839002457e-05,0.0018438638168163538,228,,,22
139,10067_144,192.168.210.53,0.7475728155339806,"['10067_144', '192.168.210.53']","('10067_144', '192.168.210.53')",154,0.025875394804279587,21.292999999999996,350,1.1650154138438626e-05,0.0017941237373195484,229,,,22
3,13085_24,192.168.220.49,1.0,"['13085_24', '192.168.220.49']","('13085_24', '192.168.220.49')",128,0.029191021601425948,25.496999999999996,1608,1.3950311373116501e-05,0.0017856398557589122,230,,,23
147,10545_93,192.168.220.49,0.7649769585253456,"['10545_93', '192.168.220.49']","('10545_93', '192.168.220.49')",166,0.05594754016064259,19.53200000000001,247,1.0686648693560486e-05,0.0017739836831310407,231,,,23
78,13690_173,192.168.210.45,1.0,"['13690_173', '192.168.210.45']","('13690_173', '192.168.210.45')",170,0.026424823868941523,18.697,368,1.0229790631962946e-05,0.001739064407433701,232,,,23
144,11676_117,192.168.210.53,1.0,"['11676_117', '192.168.210.53']","('11676_117', '192.168.210.53')",216,0.0038383514798587958,14.655999999999995,566,8.018816467992133e-06,0.0017320643570863008,233,,,23
206,11930_138,192.168.220.47,0.7103448275862069,"['11930_138', '192.168.220.47']","('11930_138', '192.168.220.47')",206,0.017384677081279023,15.327000000000002,414,8.385944323479495e-06,0.001727504530636776,234,,,23
56,10789_116,192.168.210.55,1.0,"['10789_116', '192.168.210.55']","('10789_116', '192.168.210.55')",158,0.02792772754671488,19.824,325,1.0846412231268839e-05,0.0017137331325404765,235,,,23
50,14130_50,192.168.220.51,1.0,"['14130_50', '192.168.220.51']","('14130_50', '192.168.220.51')",155,0.005558822822828679,20.075,1305,1.0983743217449653e-05,0.0017024801987046963,236,,,23
118,13823_18,192.168.220.43,1.0,"['13823_18', '192.168.220.43']","('13823_18', '192.168.220.43')",192,0.021100021082897047,15.924999999999999,455,8.713131294539762e-06,0.0016729212085516343,237,,,23
66,11297_166,192.168.220.50,1.0,"['11297_166', '192.168.220.50']","('11297_166', '192.168.220.50')",164,0.029802100271002708,18.544999999999998,263,1.0146626050690102e-05,0.0016640466723131767,238,,,23
179,12337_3,192.168.220.51,0.7729083665338645,"['12337_3', '192.168.220.51']","('12337_3', '192.168.220.51')",194,0.01805499713631158,15.480000000000004,471,8.469656040155451e-06,0.0016431132717901575,239,,,23
104,14149_117,192.168.210.57,0.912568306010929,"['14149_117', '192.168.210.57']","('14149_117', '192.168.210.57')",167,0.024017964071856288,17.931000000000008,293,9.810684913180066e-06,0.001638384380501071,240,,,24
44,12097_2,192.168.220.42,1.0,"['12097_2', '192.168.220.42']","('12097_2', '192.168.220.42')",153,0.0366718211527035,19.529999999999998,307,1.0685554422754256e-05,0.0016348898266814013,241,,,24
67,12011_65,192.168.220.47,0.7804878048780488,"['12011_65', '192.168.220.47']","('12011_65', '192.168.220.47')",128,0.01666953535802266,22.959999999999997,650,1.256222885542436e-05,0.001607965293494318,242,,,24
167,10160_81,192.168.220.46,0.7896995708154506,"['10160_81', '192.168.220.46']","('10160_81', '192.168.220.46')",184,0.009804307922114827,15.419000000000002,357,8.43628078056569e-06,0.001552275663624087,243,,,24
82,12161_247,192.168.210.57,1.0,"['12161_247', '192.168.210.57']","('12161_247', '192.168.210.57')",172,0.0066120746891221395,16.396,935,8.970832069404958e-06,0.0015429831159376526,244,,,24
73,12202_86,192.168.210.54,1.0,"['12202_86', '192.168.210.54']","('12202_86', '192.168.210.54')",166,0.009073169211177515,16.944,629,9.270662270309686e-06,0.0015389299368714078,245,,,24
129,10416_76,192.168.220.43,1.0,"['10416_76', '192.168.220.43']","('10416_76', '192.168.220.43')",200,0.013698815476190477,13.945999999999996,420,7.630350331783453e-06,0.0015260700663566906,246,,,24
43,12045_56,192.168.220.47,1.0,"['12045_56', '192.168.220.47']","('12045_56', '192.168.220.47')",151,0.03458075644002796,17.933000000000007,406,9.811779183986287e-06,0.0014815786567819293,247,,,24
150,10088_216,192.168.220.51,0.8181818181818182,"['10088_216', '192.168.220.51']","('10088_216', '192.168.220.51')",180,0.012217569899008462,14.670999999999994,3947,8.027023499038794e-06,0.0014448642298269829,248,,,24
201,10030_147,192.168.210.48,0.8357142857142857,"['10030_147', '192.168.210.48']","('10030_147', '192.168.210.48')",234,0.01226135805199272,11.208999999999994,466,6.132840733469146e-06,0.0014350847316317802,249,,,24
47,12056_136,192.168.220.51,1.0,"['12056_136', '192.168.220.51']","('12056_136', '192.168.220.51')",154,0.006898499652803566,16.776999999999997,1551,9.179290657990179e-06,0.0014136107613304876,250,,,25
68,12357_32,192.168.220.51,1.0,"['12357_32', '192.168.220.51']","('12357_32', '192.168.220.51')",164,0.00524418127708435,15.694000000000003,866,8.586743016421165e-06,0.001408225854693071,251,,,25
86,11615_255,192.168.220.51,0.7771428571428571,"['11615_255', '192.168.220.51']","('11615_255', '192.168.220.51')",136,0.038754586834733894,18.744,341,1.0255505995909156e-05,0.0013947488154436452,252,,,25
137,12870_234,192.168.220.51,0.8926829268292683,"['12870_234', '192.168.220.51']","('12870_234', '192.168.220.51')",183,0.015078425661843158,13.826,901,7.564694083410158e-06,0.001384339017264059,253,,,25
186,14093_131,192.168.220.51,1.0,"['14093_131', '192.168.220.51']","('14093_131', '192.168.220.51')",256,0.003863604917218198,9.681999999999999,672,5.297364972918931e-06,0.0013561254330672463,254,,,25
122,11539_42,192.168.220.51,0.7487179487179487,"['11539_42', '192.168.220.51']","('11539_42', '192.168.220.51')",146,0.019706941726462278,16.668999999999997,370,9.120200034454208e-06,0.0013315492050303144,255,,,25
146,12952_120,192.168.220.42,0.8202764976958525,"['12952_120', '192.168.220.42']","('12952_120', '192.168.220.42')",178,0.016724530213856056,13.581,368,7.430645909648007e-06,0.0013226549719173454,256,,,25
72,10072_35,192.168.220.51,0.9030303030303031,"['10072_35', '192.168.220.51']","('10072_35', '192.168.220.51')",149,0.025611398718897706,15.566999999999991,692,8.517256820226086e-06,0.0012690712662136868,257,,,25
11,12088_61,192.168.220.51,1.0,"['12088_61', '192.168.220.51']","('12088_61', '192.168.220.51')",132,0.01376820704719669,17.363999999999997,650,9.500459139616227e-06,0.0012540606064293418,258,,,25
92,13109_97,192.168.220.51,0.8715083798882681,"['13109_97', '192.168.220.51']","('13109_97', '192.168.220.51')",156,0.024182015669515663,14.635,369,8.007326624526807e-06,0.001249142953426182,259,,,25
61,12555_252,192.168.210.54,1.0,"['12555_252', '192.168.210.54']","('12555_252', '192.168.210.54')",160,0.0025219616619403095,14.172999999999998,795,7.75455006828961e-06,0.0012407280109263377,260,,,26
189,10162_190,192.168.220.47,0.7196969696969697,"['10162_190', '192.168.220.47']","('10162_190', '192.168.220.47')",190,0.009295757385888963,11.615000000000002,366,6.354977707132141e-06,0.001207445764355107,261,,,26
14,12688_140,192.168.220.51,1.0,"['12688_140', '192.168.220.51']","('12688_140', '192.168.220.51')",134,0.02561618692253021,16.306,528,8.921589883124985e-06,0.001195493044338748,262,,,26
142,11952_193,192.168.220.51,1.0,"['11952_193', '192.168.220.51']","('11952_193', '192.168.220.51')",211,0.005285066012653537,10.304000000000002,377,5.637683193653861e-06,0.0011895511538609646,263,,,26
125,11510_159,192.168.220.50,1.0,"['11510_159', '192.168.220.50']","('11510_159', '192.168.220.50')",198,0.0029978523327275704,10.904999999999998,1062,5.966511570923459e-06,0.0011813692910428448,264,,,26
45,13132_237,192.168.220.51,0.8496732026143791,"['13132_237', '192.168.220.51']","('13132_237', '192.168.220.51')",130,0.031436510101010104,16.517,263,9.037035453181367e-06,0.0011748146089135777,265,,,26
110,13076_159,192.168.220.45,1.0,"['13076_159', '192.168.220.45']","('13076_159', '192.168.220.45')",187,0.005907095572572556,11.469,1149,6.275095938277961e-06,0.0011734429404579787,266,,,26
155,12295_242,192.168.220.51,0.7194570135746606,"['12295_242', '192.168.220.51']","('12295_242', '192.168.220.51')",159,0.01900901467505241,13.162000000000004,381,7.201396175744577e-06,0.0011450219919433879,267,,,26
99,10582_152,192.168.210.45,0.7955801104972375,"['10582_152', '192.168.210.45']","('10582_152', '192.168.210.45')",144,0.010862395170618854,14.300999999999998,347,7.824583399887795e-06,0.0011267400095838424,268,,,26
1,14594_192,192.168.220.51,1.0,"['14594_192', '192.168.220.51']","('14594_192', '192.168.220.51')",126,0.023760093852355748,16.016000000000002,311,8.762920616222847e-06,0.0011041279976440788,269,,,26
83,12703_99,192.168.210.55,1.0,"['12703_99', '192.168.210.55']","('12703_99', '192.168.210.55')",172,0.023234496124031005,11.490999999999998,211,6.287132917146399e-06,0.0010813868617491806,270,,,27
15,10088_242,192.168.220.48,1.0,"['10088_242', '192.168.220.48']","('10088_242', '192.168.220.48')",134,0.01215874469643126,14.567000000000002,276,7.970121417115274e-06,0.0010679962698934467,271,,,27
96,10088_187,192.168.220.47,1.0,"['10088_187', '192.168.220.47']","('10088_187', '192.168.220.47')",180,0.009828371589028322,10.707999999999998,703,5.858725896510629e-06,0.0010545706613719133,272,,,27
263,10067_13,192.168.220.51,0.9426229508196722,"['10067_13', '192.168.220.51']","('10067_13', '192.168.220.51')",460,0.0028163302277432706,4.139999999999997,662,2.2651405688787813e-06,0.0010419646616842393,273,,,27
27,12692_131,192.168.220.51,1.0,"['12692_131', '192.168.220.51']","('12692_131', '192.168.220.51')",140,0.021577806122448983,13.588000000000017,429,7.434475857469792e-06,0.001040826620045771,274,,,27
232,12374_102,192.168.220.51,0.7351190476190477,"['12374_102', '192.168.220.51']","('12374_102', '192.168.220.51')",247,0.005081386067823314,7.696,498,4.210754062340848e-06,0.0010400562533981893,275,,,27
250,10302_128,192.168.220.51,0.7942708333333334,"['10302_128', '192.168.220.51']","('10302_128', '192.168.220.51')",305,0.005960437158469942,6.206999999999996,774,3.3960694471088397e-06,0.0010358011813681961,276,,,27
176,14396_65,192.168.220.51,0.7469879518072289,"['14396_65', '192.168.220.51']","('14396_65', '192.168.220.51')",186,0.001614075009773456,9.814000000000002,837,5.369586846129561e-06,0.0009987431533800982,277,,,27
98,13051_91,192.168.210.56,0.7900552486187845,"['13051_91', '192.168.210.56']","('13051_91', '192.168.210.56')",143,0.012914152514152517,12.687000000000001,312,6.941506859266937e-06,0.000992635480875172,278,,,27
231,11005_49,192.168.220.51,0.7027027027027027,"['11005_49', '192.168.220.51']","('11005_49', '192.168.220.51')",234,0.0054300995300995344,7.652,789,4.1866801046039725e-06,0.0009796831444773295,279,,,27
21,14582_235,192.168.220.43,1.0,"['14582_235', '192.168.220.43']","('14582_235', '192.168.220.43')",137,0.00536382302837912,13.048000000000004,425,7.139022739789944e-06,0.0009780461153512223,280,,,28
114,14132_36,192.168.220.51,1.0,"['14132_36', '192.168.220.51']","('14132_36', '192.168.220.51')",190,0.005812266317926754,9.264000000000003,674,5.068662374418611e-06,0.0009630458511395361,281,,,28
112,14219_37,192.168.220.51,1.0,"['14219_37', '192.168.220.51']","('14219_37', '192.168.220.51')",188,0.016252077001013176,9.02,304,4.93516133605957e-06,0.0009278103311791992,282,,,28
0,10030_137,192.168.210.49,1.0,"['10030_137', '192.168.210.49']","('10030_137', '192.168.210.49')",126,0.0055878965648682895,13.267999999999999,463,7.259392528474322e-06,0.0009146834585877646,283,,,28
130,10471_133,192.168.210.47,0.8308457711442786,"['10471_133', '192.168.210.47']","('10471_133', '192.168.210.47')",167,0.011665098130695299,9.989999999999998,457,5.465882677077062e-06,0.0009128024070718694,284,,,28
145,10661_104,192.168.220.51,0.8518518518518519,"['10661_104', '192.168.220.51']","('10661_104', '192.168.220.51')",184,0.011750445286810369,8.775000000000007,304,4.801113162297424e-06,0.0008834048218627261,285,,,28
93,10088_191,192.168.210.53,1.0,"['10088_191', '192.168.210.53']","('10088_191', '192.168.210.53')",180,0.004377843102817616,8.789,704,4.808773057940972e-06,0.0008655791504293749,286,,,28
33,12056_21,192.168.220.43,1.0,"['12056_21', '192.168.220.43']","('12056_21', '192.168.220.43')",144,0.004078573724144368,10.761000000000006,1365,5.8877240728755064e-06,0.0008478322664940729,287,,,28
57,10343_180,192.168.220.43,0.8227848101265823,"['10343_180', '192.168.220.43']","('10343_180', '192.168.220.43')",130,0.015997505400582323,11.816000000000004,296,6.464951923157418e-06,0.0008404437500104643,288,,,28
134,10003_51,192.168.220.51,1.0,"['10003_51', '192.168.220.51']","('10003_51', '192.168.220.51')",204,0.004349498221005574,7.469999999999997,391,4.087101461237802e-06,0.0008337686980925117,289,,,28
103,12359_101,192.168.210.56,0.7802197802197802,"['12359_101', '192.168.210.56']","('12359_101', '192.168.210.56')",142,0.011342090421315775,10.722,594,5.866385792154181e-06,0.0008330267824858936,290,,,29
18,10123_77,192.168.220.42,1.0,"['10123_77', '192.168.220.42']","('10123_77', '192.168.220.42')",136,0.019454971988795516,11.058,230,6.050223287599416e-06,0.0008228303671135206,291,,,29
123,11769_156,192.168.220.51,0.7653061224489796,"['11769_156', '192.168.220.51']","('11769_156', '192.168.220.51')",150,0.005331235226131548,9.82,2760,5.372869658548224e-06,0.0008059304487822335,292,,,29
28,11925_110,192.168.220.49,1.0,"['11925_110', '192.168.220.49']","('11925_110', '192.168.220.49')",141,0.010764119236347021,10.393000000000002,675,5.6863782445307235e-06,0.000801779332478832,293,,,29
17,10650_38,192.168.220.47,1.0,"['10650_38', '192.168.220.47']","('10650_38', '192.168.220.47')",135,0.004026480096841787,10.530999999999995,877,5.7618829301600125e-06,0.0007778541955716017,294,,,29
95,13199_252,192.168.210.57,0.8666666666666667,"['13199_252', '192.168.210.57']","('13199_252', '192.168.210.57')",156,0.007136192157433078,9.021,386,4.9357084714626815e-06,0.0007699705215481784,295,,,29
71,12468_100,192.168.220.47,1.0,"['12468_100', '192.168.220.47']","('12468_100', '192.168.220.47')",165,0.003386029707567141,8.516,438,4.659405092891719e-06,0.0007688018403271337,296,,,29
62,10694_28,192.168.220.51,0.9506172839506173,"['10694_28', '192.168.220.51']","('10694_28', '192.168.220.51')",154,0.012484405277262418,8.634999999999998,308,4.724514205861905e-06,0.0007275751877027334,297,,,29
23,13227_120,192.168.220.48,1.0,"['13227_120', '192.168.220.48']","('13227_120', '192.168.220.48')",138,0.019958937198067635,9.529,170,5.213653256242976e-06,0.0007194841493615307,298,,,29
12,10057_27,192.168.220.43,1.0,"['10057_27', '192.168.220.43']","('10057_27', '192.168.220.43')",133,0.005007531834649768,9.765000000000002,433,5.34277721137713e-06,0.0007105893691131583,299,,,29
75,11701_221,192.168.220.51,0.7678571428571429,"['11701_221', '192.168.220.51']","('11701_221', '192.168.220.51')",129,0.016699267872523692,9.881,311,5.406244918137984e-06,0.0006974055944397999,300,,,30
172,10981_41,192.168.220.51,0.7377049180327869,"['10981_41', '192.168.220.51']","('10981_41', '192.168.220.51')",180,0.005866614913475883,6.725999999999998,625,3.680032721323355e-06,0.0006624058898382039,301,,,30
90,12571_92,192.168.220.47,0.7640449438202247,"['12571_92', '192.168.220.47']","('12571_92', '192.168.220.47')",136,0.013198301820728292,8.768999999999998,279,4.797830349878754e-06,0.0006525049275835106,302,,,30
97,12803_143,192.168.220.51,0.9005524861878453,"['12803_143', '192.168.220.51']","('12803_143', '192.168.220.51')",163,0.010421491868731134,7.167,297,3.921319434095226e-06,0.0006391750677575219,303,,,30
40,13600_4,192.168.220.51,0.87248322147651,"['13600_4', '192.168.220.51']","('13600_4', '192.168.220.51')",130,0.01453693833943834,8.775000000000002,313,4.801113162297422e-06,0.0006241447110986648,304,,,30
84,11698_111,192.168.220.45,0.861271676300578,"['11698_111', '192.168.220.45']","('11698_111', '192.168.220.45')",149,0.010004476116724444,7.535000000000002,375,4.122665262440008e-06,0.0006142771241035612,305,,,30
160,10088_36,192.168.220.47,0.8325991189427313,"['10088_36', '192.168.220.47']","('10088_36', '192.168.220.47')",189,0.012716228762036217,5.881999999999999,678,3.2182504410978254e-06,0.000608249333367489,306,,,30
6,10708_220,192.168.220.43,1.0,"['10708_220', '192.168.220.43']","('10708_220', '192.168.220.43')",128,0.014459421502976194,8.668000000000001,265,4.742569674164564e-06,0.0006070489182930642,307,,,30
5,14155_88,192.168.210.54,1.0,"['14155_88', '192.168.210.54']","('14155_88', '192.168.210.54')",128,0.002086471276754246,8.206999999999997,962,4.490340253330474e-06,0.0005747635524263007,308,,,30
85,10320_211,192.168.220.51,0.7586206896551724,"['10320_211', '192.168.220.51']","('10320_211', '192.168.220.51')",132,0.026887289562289557,7.847999999999999,188,4.293918643613693e-06,0.0005667972609570075,309,,,30
138,10698_157,192.168.210.55,0.9805825242718447,"['10698_157', '192.168.210.55']","('10698_157', '192.168.210.55')",202,0.0028818587423828494,4.985999999999998,664,2.728017119910533e-06,0.0005510594582219276,310,,,31
20,10510_126,192.168.220.51,1.0,"['10510_126', '192.168.220.51']","('10510_126', '192.168.220.51')",137,0.013315151778472947,7.117,312,3.893962663939685e-06,0.0005334728849597368,311,,,31
4,14154_89,192.168.210.54,1.0,"['14154_89', '192.168.210.54']","('14154_89', '192.168.210.54')",128,0.007363707950036075,7.29,244,3.988617088677857e-06,0.0005105429873507657,312,,,31
154,10045_94,192.168.210.54,0.7058823529411765,"['10045_94', '192.168.210.54']","('10045_94', '192.168.210.54')",156,0.00437752849002849,5.66,263,3.0967863816072246e-06,0.000483098675530727,313,,,31
100,10013_240,192.168.220.47,0.8011049723756906,"['10013_240', '192.168.220.47']","('10013_240', '192.168.220.47')",145,0.004179962855186995,5.898,609,3.2270046075475992e-06,0.0004679156680944019,314,,,31
324,192.168.220.2,192.168.220.51,0.966078697421981,"['192.168.220.2', '192.168.220.51']","('192.168.220.2', '192.168.220.51')",10680,3.1367041198501875e-06,0.067,10688,3.665807200842475e-08,0.0003915082090499763,315,,,31
19,10088_247,192.168.220.46,1.0,"['10088_247', '192.168.220.46']","('10088_247', '192.168.220.46')",136,0.007592089222052456,4.2639999999999985,318,2.3329853588645233e-06,0.00031728600880557515,316,,,31
10,12468_200,192.168.220.50,1.0,"['12468_200', '192.168.220.50']","('12468_200', '192.168.220.50')",132,0.0028124945495021244,3.735999999999999,373,2.0440978660220124e-06,0.00026982091831490566,317,,,31
25,10016_144,192.168.220.51,1.0,"['10016_144', '192.168.220.51']","('10016_144', '192.168.220.51')",139,0.006998745618889502,3.457999999999999,465,1.891994223957205e-06,0.0002629871971300515,318,,,31
166,10001_210,192.168.220.51,0.8103448275862069,"['10001_210', '192.168.220.51']","('10001_210', '192.168.220.51')",188,0.0035742021276595746,2.2709999999999986,323,1.242544500464665e-06,0.000233598366087357,319,,,31
26,12469_84,192.168.220.47,1.0,"['12469_84', '192.168.220.47']","('12469_84', '192.168.220.47')",140,0.0012284882049315832,2.5199999999999996,536,1.3787812158392589e-06,0.00019302937021749625,320,,,32
16,10085_11,192.168.220.51,1.0,"['10085_11', '192.168.220.51']","('10085_11', '192.168.220.51')",134,0.0014063965176396441,2.585,412,1.4143450170414621e-06,0.00018952223228355593,321,,,32
51,10003_90,192.168.220.47,1.0,"['10003_90', '192.168.220.47']","('10003_90', '192.168.220.47')",156,0.0006342724195056102,1.888,626,1.0329916410732228e-06,0.00016114669600742276,322,,,32
141,11585_52,192.168.220.45,0.7904761904761904,"['11585_52', '192.168.220.45']","('11585_52', '192.168.220.45')",166,0.0018381471263204077,1.686,467,9.224702896448377e-07,0.00015313006808104305,323,,,32
2,10759_43,192.168.220.47,1.0,"['10759_43', '192.168.220.47']","('10759_43', '192.168.220.47')",128,0.004098192862167566,1.4159999999999993,414,7.747437308049166e-07,9.916719754302932e-05,324,,,32
41,10297_248,192.168.220.51,0.9333333333333333,"['10297_248', '192.168.220.51']","('10297_248', '192.168.220.51')",140,0.0018278356793451141,0.7670000000000003,384,4.1965285418599695e-07,5.875139958603957e-05,325,,,32
315,192.168.200.2,192.168.220.51,1.0,"['192.168.200.2', '192.168.220.51']","('192.168.200.2', '192.168.220.51')",5231,0.0,0.0,5231,0.0,0.0,326,,,32
323,192.168.210.1,192.168.220.51,0.969532100108814,"['192.168.210.1', '192.168.220.51']","('192.168.210.1', '192.168.220.51')",10692,0.0,0.0,10692,0.0,0.0,327,,,32
194,13831_172,192.168.220.48,1.0,"['13831_172', '192.168.220.48']","('13831_172', '192.168.220.48')",268,0.0,0.0,268,0.0,0.0,328,,,32
